{"Ob":{"Asset":"USD","Asks":[{"Amount":829.2914154,"Price":12.0584873}],"Bids":[{"Amount":832.5619993310365,"Price":12.0111175}]},"Trade":null,"Ts":1564438082.405}
{"Ob":{"Asset":"USD","Asks":[{"Amount":829.2914154,"Price":12.0584873}],"Bids":[{"Amount":0.9647546034388678,"Price":12.023783}]},"Trade":null,"Ts":1564438152.847}
{"Ob":{"Asset":"USD","Asks":[{"Amount":828.2035921,"Price":12.0743258}],"Bids":[{"Amount":831.5200030160894,"Price":12.0261689}]},"Trade":null,"Ts":1564438447.052}
{"Ob":{"Asset":"USD","Asks":[{"Amount":829.4211611,"Price":12.056601}],"Bids":[{"Amount":0.9647546034388678,"Price":12.023783}]},"Trade":null,"Ts":1564439674.091}
{"Ob":{"Asset":"USD","Asks":[{"Amount":830.6137723,"Price":12.0392899}],"Bids":[{"Amount":0.9647546034388678,"Price":12.023783}]},"Trade":null,"Ts":1564440545.009}
{"Ob":{"Asset":"USD","Asks":[{"Amount":830.530711,"Price":12.0392899}],"Bids":[{"Amount":0.9647546034388678,"Price":12.023783}]},"Trade":null,"Ts":1564440590.628}
{"Ob":{"Asset":"USD","Asks":[{"Amount":831.3772482,"Price":12.0282339}],"Bids":[{"Amount":0.9647546034388678,"Price":12.023783}]},"Trade":null,"Ts":1564440787.723}
{"Ob":{"Asset":"USD","Asks":[{"Amount":830.4141715,"Price":12.0421837}],"Bids":[{"Amount":0.9647546034388678,"Price":12.023783}]},"Trade":null,"Ts":1564441025.452}
{"Ob":{"Asset":"USD","Asks":[{"Amount":830.3311301,"Price":12.0421837}],"Bids":[{"Amount":0.9647546034388678,"Price":12.023783}]},"Trade":null,"Ts":1564441344.404}
{"Ob":{"Asset":"USD","Asks":[{"Amount":831.1976057,"Price":12.0308335}],"Bids":[{"Amount":0.9647546034388678,"Price":12.023783}]},"Trade":null,"Ts":1564441892.031}
